{
  "mT5": {
    "overall": {
      "em": {
        "baseline": 0.031839622641509434,
        "matched": 0.19693396226415094,
        "multitask": 0.2099056603773585,
        "delta_exposure": 0.1650943396226415,
        "delta_task": 0.012971698113207558,
        "delta_total": 0.17806603773584906
      },
      "f1": {
        "baseline": 0.0707904644318497,
        "matched": 0.236002883206648,
        "multitask": 0.2622742299629092,
        "delta_exposure": 0.1652124187747983,
        "delta_task": 0.02627134675626122,
        "delta_total": 0.1914837655310595
      },
      "semantic": {
        "baseline": 0.29250797629356384,
        "matched": 0.439432293176651,
        "multitask": 0.46909546852111816,
        "delta_exposure": 0.14692431688308716,
        "delta_task": 0.029663175344467163,
        "delta_total": 0.17658749222755432
      }
    },
    "per_lang": {
      "swa": {
        "em": {
          "baseline": 0.01694915254237288,
          "matched": 0.17627118644067796,
          "multitask": 0.17627118644067796,
          "delta_exposure": 0.15932203389830507,
          "delta_task": 0.0,
          "delta_total": 0.15932203389830507
        },
        "f1": {
          "baseline": 0.05522464352972827,
          "matched": 0.21357785230168075,
          "multitask": 0.2243370377268682,
          "delta_exposure": 0.15835320877195247,
          "delta_task": 0.010759185425187445,
          "delta_total": 0.16911239419713991
        },
        "semantic": {
          "baseline": 0.27211740612983704,
          "matched": 0.4227047562599182,
          "multitask": 0.4257834851741791,
          "delta_exposure": 0.15058735013008118,
          "delta_task": 0.0030787289142608643,
          "delta_total": 0.15366607904434204
        }
      },
      "hau": {
        "em": {
          "baseline": 0.03,
          "matched": 0.22666666666666666,
          "multitask": 0.27666666666666667,
          "delta_exposure": 0.19666666666666666,
          "delta_task": 0.05000000000000002,
          "delta_total": 0.24666666666666667
        },
        "f1": {
          "baseline": 0.057283056125161394,
          "matched": 0.2605238095238095,
          "multitask": 0.30570899470899476,
          "delta_exposure": 0.2032407533986481,
          "delta_task": 0.04518518518518527,
          "delta_total": 0.24842593858383338
        },
        "semantic": {
          "baseline": 0.28786107897758484,
          "matched": 0.46770620346069336,
          "multitask": 0.5130866169929504,
          "delta_exposure": 0.17984512448310852,
          "delta_task": 0.04538041353225708,
          "delta_total": 0.2252255380153656
        }
      },
      "yor": {
        "em": {
          "baseline": 0.05138339920948617,
          "matched": 0.1857707509881423,
          "multitask": 0.16996047430830039,
          "delta_exposure": 0.13438735177865613,
          "delta_task": -0.015810276679841917,
          "delta_total": 0.11857707509881421
        },
        "f1": {
          "baseline": 0.10495702434541626,
          "matched": 0.23307444930078589,
          "multitask": 0.25500562239692676,
          "delta_exposure": 0.12811742495536962,
          "delta_task": 0.02193117309614087,
          "delta_total": 0.1500485980515105
        },
        "semantic": {
          "baseline": 0.3217935562133789,
          "matched": 0.42541027069091797,
          "multitask": 0.46743422746658325,
          "delta_exposure": 0.10361671447753906,
          "delta_task": 0.04202395677566528,
          "delta_total": 0.14564067125320435
        }
      }
    }
  },
  "ByT5": {
    "overall": {
      "em": {
        "baseline": 0.024764150943396228,
        "matched": 0.21933962264150944,
        "multitask": 0.19221698113207547,
        "delta_exposure": 0.1945754716981132,
        "delta_task": -0.02712264150943397,
        "delta_total": 0.16745283018867924
      },
      "f1": {
        "baseline": 0.07258117689162871,
        "matched": 0.2916764708038293,
        "multitask": 0.27174058907549475,
        "delta_exposure": 0.2190952939122006,
        "delta_task": -0.019935881728334548,
        "delta_total": 0.19915941218386604
      },
      "semantic": {
        "baseline": 0.3264935314655304,
        "matched": 0.5128065347671509,
        "multitask": 0.47617632150650024,
        "delta_exposure": 0.18631300330162048,
        "delta_task": -0.036630213260650635,
        "delta_total": 0.14968279004096985
      }
    },
    "per_lang": {
      "swa": {
        "em": {
          "baseline": 0.003389830508474576,
          "matched": 0.17966101694915254,
          "multitask": 0.18983050847457628,
          "delta_exposure": 0.17627118644067796,
          "delta_task": 0.010169491525423735,
          "delta_total": 0.1864406779661017
        },
        "f1": {
          "baseline": 0.05781568713772103,
          "matched": 0.2530800273173154,
          "multitask": 0.2656228140973903,
          "delta_exposure": 0.19526434017959435,
          "delta_task": 0.012542786780074922,
          "delta_total": 0.20780712695966927
        },
        "semantic": {
          "baseline": 0.2967747449874878,
          "matched": 0.4844823181629181,
          "multitask": 0.4547382891178131,
          "delta_exposure": 0.1877075731754303,
          "delta_task": -0.02974402904510498,
          "delta_total": 0.15796354413032532
        }
      },
      "hau": {
        "em": {
          "baseline": 0.016666666666666666,
          "matched": 0.27666666666666667,
          "multitask": 0.22666666666666666,
          "delta_exposure": 0.26,
          "delta_task": -0.05000000000000002,
          "delta_total": 0.21
        },
        "f1": {
          "baseline": 0.04560894660894661,
          "matched": 0.3337727272727273,
          "multitask": 0.29293650793650783,
          "delta_exposure": 0.2881637806637807,
          "delta_task": -0.04083621933621945,
          "delta_total": 0.24732756132756123
        },
        "semantic": {
          "baseline": 0.3170226812362671,
          "matched": 0.5589742064476013,
          "multitask": 0.5149792432785034,
          "delta_exposure": 0.24195152521133423,
          "delta_task": -0.0439949631690979,
          "delta_total": 0.19795656204223633
        }
      },
      "yor": {
        "em": {
          "baseline": 0.05928853754940711,
          "matched": 0.1976284584980237,
          "multitask": 0.1541501976284585,
          "delta_exposure": 0.1383399209486166,
          "delta_task": -0.043478260869565216,
          "delta_total": 0.09486166007905139
        },
        "f1": {
          "baseline": 0.12178073642604535,
          "matched": 0.286763719372415,
          "multitask": 0.25374046243611453,
          "delta_exposure": 0.16498298294636965,
          "delta_task": -0.03302325693630048,
          "delta_total": 0.13195972601006917
        },
        "semantic": {
          "baseline": 0.37237614393234253,
          "matched": 0.4910885691642761,
          "multitask": 0.4551619291305542,
          "delta_exposure": 0.1187124252319336,
          "delta_task": -0.035926640033721924,
          "delta_total": 0.08278578519821167
        }
      }
    }
  }
}