{
  "overall": {
    "n": 848,
    "em": 0.024764150943396228,
    "f1": 0.07258117689162871,
    "semantic": 0.3264935314655304
  },
  "per_lang": {
    "swa": {
      "n": 295,
      "em": 0.003389830508474576,
      "f1": 0.05781568713772103,
      "semantic": 0.2967747449874878
    },
    "hau": {
      "n": 300,
      "em": 0.016666666666666666,
      "f1": 0.04560894660894661,
      "semantic": 0.3170226812362671
    },
    "yor": {
      "n": 253,
      "em": 0.05928853754940711,
      "f1": 0.12178073642604535,
      "semantic": 0.37237614393234253
    }
  }
}