group,n,em,f1,semantic
overall,848,0.024764150943396228,0.07258117689162871,0.3264935314655304
lang:swa,295,0.003389830508474576,0.05781568713772103,0.2967747449874878
lang:hau,300,0.016666666666666666,0.04560894660894661,0.3170226812362671
lang:yor,253,0.05928853754940711,0.12178073642604535,0.37237614393234253
