group,n,em,f1,semantic
overall,848,0.031839622641509434,0.0707904644318497,0.29250797629356384
lang:swa,295,0.01694915254237288,0.05522464352972827,0.27211740612983704
lang:hau,300,0.03,0.057283056125161394,0.28786107897758484
lang:yor,253,0.05138339920948617,0.10495702434541626,0.3217935562133789
