{
  "overall": {
    "n": 848,
    "em": 0.031839622641509434,
    "f1": 0.0707904644318497,
    "semantic": 0.29250797629356384
  },
  "per_lang": {
    "swa": {
      "n": 295,
      "em": 0.01694915254237288,
      "f1": 0.05522464352972827,
      "semantic": 0.27211740612983704
    },
    "hau": {
      "n": 300,
      "em": 0.03,
      "f1": 0.057283056125161394,
      "semantic": 0.28786107897758484
    },
    "yor": {
      "n": 253,
      "em": 0.05138339920948617,
      "f1": 0.10495702434541626,
      "semantic": 0.3217935562133789
    }
  }
}