group,n,em,f1,semantic
overall,848,0.21933962264150944,0.2916764708038293,0.5128065347671509
lang:swa,295,0.17966101694915254,0.2530800273173154,0.4844823181629181
lang:hau,300,0.27666666666666667,0.3337727272727273,0.5589742064476013
lang:yor,253,0.1976284584980237,0.286763719372415,0.4910885691642761
