{
  "overall": {
    "n": 848,
    "em": 0.19693396226415094,
    "f1": 0.236002883206648,
    "semantic": 0.439432293176651
  },
  "per_lang": {
    "swa": {
      "n": 295,
      "em": 0.17627118644067796,
      "f1": 0.21357785230168075,
      "semantic": 0.4227047562599182
    },
    "hau": {
      "n": 300,
      "em": 0.22666666666666666,
      "f1": 0.2605238095238095,
      "semantic": 0.46770620346069336
    },
    "yor": {
      "n": 253,
      "em": 0.1857707509881423,
      "f1": 0.23307444930078589,
      "semantic": 0.42541027069091797
    }
  }
}