{
  "overall": {
    "n": 848,
    "em": 0.21933962264150944,
    "f1": 0.2916764708038293,
    "semantic": 0.5128065347671509
  },
  "per_lang": {
    "swa": {
      "n": 295,
      "em": 0.17966101694915254,
      "f1": 0.2530800273173154,
      "semantic": 0.4844823181629181
    },
    "hau": {
      "n": 300,
      "em": 0.27666666666666667,
      "f1": 0.3337727272727273,
      "semantic": 0.5589742064476013
    },
    "yor": {
      "n": 253,
      "em": 0.1976284584980237,
      "f1": 0.286763719372415,
      "semantic": 0.4910885691642761
    }
  }
}