group,n,em,f1,semantic
overall,848,0.19693396226415094,0.236002883206648,0.439432293176651
lang:swa,295,0.17627118644067796,0.21357785230168075,0.4227047562599182
lang:hau,300,0.22666666666666666,0.2605238095238095,0.46770620346069336
lang:yor,253,0.1857707509881423,0.23307444930078589,0.42541027069091797
