{
  "overall": {
    "n": 848,
    "em": 0.19221698113207547,
    "f1": 0.27174058907549475,
    "semantic": 0.47617632150650024
  },
  "per_lang": {
    "swa": {
      "n": 295,
      "em": 0.18983050847457628,
      "f1": 0.2656228140973903,
      "semantic": 0.4547382891178131
    },
    "hau": {
      "n": 300,
      "em": 0.22666666666666666,
      "f1": 0.29293650793650783,
      "semantic": 0.5149792432785034
    },
    "yor": {
      "n": 253,
      "em": 0.1541501976284585,
      "f1": 0.25374046243611453,
      "semantic": 0.4551619291305542
    }
  }
}