{
  "overall": {
    "n": 848,
    "em": 0.16391509433962265,
    "f1": 0.20002474108913484,
    "semantic": 0.3980506956577301
  },
  "per_lang": {
    "swa": {
      "n": 295,
      "em": 0.1288135593220339,
      "f1": 0.158031547073387,
      "semantic": 0.3585882782936096
    },
    "hau": {
      "n": 300,
      "em": 0.2,
      "f1": 0.22244973544973543,
      "semantic": 0.42261549830436707
    },
    "yor": {
      "n": 253,
      "em": 0.16205533596837945,
      "f1": 0.2223982348696307,
      "semantic": 0.4149358570575714
    }
  }
}