group,n,em,f1,semantic
overall,848,0.16391509433962265,0.20002474108913484,0.3980506956577301
lang:swa,295,0.1288135593220339,0.158031547073387,0.3585882782936096
lang:hau,300,0.2,0.22244973544973543,0.42261549830436707
lang:yor,253,0.16205533596837945,0.2223982348696307,0.4149358570575714
