group,n,em,f1,semantic
overall,848,0.04481132075471698,0.09367384656610074,0.3078119456768036
lang:swa,295,0.05423728813559322,0.10833736884584345,0.31927889585494995
lang:hau,300,0.05,0.09862433862433864,0.3170234262943268
lang:yor,253,0.02766798418972332,0.07070591498509117,0.28351882100105286
