group,n,em,f1,semantic
overall,848,0.2099056603773585,0.2622742299629092,0.46909546852111816
lang:swa,295,0.17627118644067796,0.2243370377268682,0.4257834851741791
lang:hau,300,0.27666666666666667,0.30570899470899476,0.5130866169929504
lang:yor,253,0.16996047430830039,0.25500562239692676,0.46743422746658325
