group,n,em,f1,semantic
overall,848,0.19221698113207547,0.27174058907549475,0.47617632150650024
lang:swa,295,0.18983050847457628,0.2656228140973903,0.4547382891178131
lang:hau,300,0.22666666666666666,0.29293650793650783,0.5149792432785034
lang:yor,253,0.1541501976284585,0.25374046243611453,0.4551619291305542
