{
  "overall": {
    "n": 848,
    "em": 0.2099056603773585,
    "f1": 0.2622742299629092,
    "semantic": 0.46909546852111816
  },
  "per_lang": {
    "swa": {
      "n": 295,
      "em": 0.17627118644067796,
      "f1": 0.2243370377268682,
      "semantic": 0.4257834851741791
    },
    "hau": {
      "n": 300,
      "em": 0.27666666666666667,
      "f1": 0.30570899470899476,
      "semantic": 0.5130866169929504
    },
    "yor": {
      "n": 253,
      "em": 0.16996047430830039,
      "f1": 0.25500562239692676,
      "semantic": 0.46743422746658325
    }
  }
}