{
  "overall": {
    "n": 848,
    "em": 0.04481132075471698,
    "f1": 0.09367384656610074,
    "semantic": 0.3078119456768036
  },
  "per_lang": {
    "swa": {
      "n": 295,
      "em": 0.05423728813559322,
      "f1": 0.10833736884584345,
      "semantic": 0.31927889585494995
    },
    "hau": {
      "n": 300,
      "em": 0.05,
      "f1": 0.09862433862433864,
      "semantic": 0.3170234262943268
    },
    "yor": {
      "n": 253,
      "em": 0.02766798418972332,
      "f1": 0.07070591498509117,
      "semantic": 0.28351882100105286
    }
  }
}