group,n,em,f1
overall,848,0.11556603773584906,0.1893689861733245
lang:swa,295,0.12203389830508475,0.20231681933968884
lang:hau,300,0.15666666666666668,0.23362888248927538
lang:yor,253,0.05928853754940711,0.12178961985370851
