{
  "overall": {
    "n": 848,
    "em": 0.11556603773584906,
    "f1": 0.1893689861733245
  },
  "per_lang": {
    "swa": {
      "n": 295,
      "em": 0.12203389830508475,
      "f1": 0.20231681933968884
    },
    "hau": {
      "n": 300,
      "em": 0.15666666666666668,
      "f1": 0.23362888248927538
    },
    "yor": {
      "n": 253,
      "em": 0.05928853754940711,
      "f1": 0.12178961985370851
    }
  }
}